"method","fixture","model","mode","n_requested","n_evaluated_null","n_refused_null","n_failed_null","n_fit_failed_null","n_boundary_null","n_evaluated_alt","n_refused_alt","n_failed_alt","n_fit_failed_alt","n_boundary_alt","type_I_error","type_I_lower","type_I_upper","type_I_unconditional","power_at_alt","power_lower","power_upper","power_unconditional","coverage_at_alt","coverage_lower","coverage_upper","reason"
"asymptotic_wald_z","interior","lmm","release",2500,2500,0,0,0,538,2500,0,0,0,543,0.0796,0.0696233454934641,0.0908666317792826,0.0796,0.9404,0.930426660949785,0.949021992734997,0.9404,0.9272,0.916347025889428,0.936742131363385,NA
"satterthwaite","interior","lmm","release",2500,1967,533,0,0,533,1981,519,0,0,519,0.0432130147432639,0.0350821930258117,0.0531245260091718,0.034,0.896012115093387,0.881795134212366,0.908696213611571,0.71,0.960121150933872,0.950576352702519,0.967884913762131,NA
"kenward_roger","interior","lmm","release",2500,2051,449,0,0,449,2052,448,0,0,448,0.0287664553876158,0.0223668184831191,0.0369280036539721,0.0236,0.880116959064328,0.865347596081557,0.893465780945519,0.7224,0.976120857699805,0.968571950805796,0.981890445803759,NA
"profile","interior","lmm","release",2500,1053,1447,0,0,542,1056,1444,0,0,557,0.0588793922127255,0.0462003843478051,0.0747652134281844,0.0248,0.910984848484849,0.892286494757244,0.926703923834081,0.3848,0.955492424242424,0.941316846451503,0.966366082908928,NA
"bootstrap","interior","lmm","release",500,500,0,0,0,108,500,0,0,0,97,0.062,0.0440192091426816,0.0866597131016382,0.062,0.904,0.875013037572485,0.926826495334581,0.904,0.918,0.890645140842611,0.938980910531531,NA
"bootstrap_lrt","interior","lmm","release",500,500,0,0,0,129,500,0,0,0,112,0.038,0.0244601180558304,0.0585847725306439,0.038,0.876,0.844212587112216,0.902053908860697,0.876,NA,NA,NA,NA
"asymptotic_wald_z","boundary","lmm","release",2500,2500,0,0,0,1737,2500,0,0,0,1709,0.0536,0.0454363868129047,0.0631333702150546,0.0536,0.9932,0.989136605374268,0.995750034038389,0.9932,0.9592,0.950714812926488,0.966276153858372,NA
"satterthwaite","boundary","lmm","release",2500,769,1731,0,0,1731,804,1696,0,0,1696,0.0169050715214564,0.00990561951484236,0.0287070331581007,0.0052,0.986318407960199,0.975668194615319,0.992343525334759,0.3172,0.968905472636816,0.954500538228663,0.978850915533944,NA
"kenward_roger","boundary","lmm","release",2500,1000,1500,0,0,1500,962,1538,0,0,1538,0.015,0.00911097880408167,0.0246009769269068,0.006,0.985446985446986,0.975720856302177,0.991311560322832,0.3792,0.978170478170478,0.966858826304758,0.985678457737006,NA
"profile","boundary","lmm","release",2500,821,1679,0,0,1693,834,1666,0,0,1698,0.0341047503045067,0.023699789505965,0.0488492539262743,0.0112,0.99400479616307,0.986043051582368,0.997436568965203,0.3316,0.960431654676259,0.944952844466316,0.971688355267343,NA
"bootstrap","boundary","lmm","release",500,500,0,0,0,332,500,0,0,0,330,0.022,0.0123280082699276,0.0389608612113164,0.022,0.984,0.968748891466606,0.991870746966612,0.984,0.952,0.92957280316411,0.967534793058647,NA
"bootstrap_lrt","boundary","lmm","release",500,500,0,0,0,354,500,0,0,0,342,0.036,0.0228910609802927,0.0561843269680277,0.036,0.99,0.976806900244269,0.99572124610341,0.99,NA,NA,NA,NA
"asymptotic_wald_z","reduced_rank","lmm","release",2500,2500,0,0,0,1745,2500,0,0,0,1696,0.0616,0.0528312589512699,0.0717139504597009,0.0616,0.9336,0.923159749913022,0.942709769246201,0.9336,0.942,0.932141249411913,0.950502494749471,NA
"satterthwaite","reduced_rank","lmm","release",2500,816,1684,0,0,1683,794,1706,0,0,1706,0.0294117647058824,0.0198430245012165,0.0433904924951864,0.0096,0.874055415617129,0.849161753538049,0.895347062634532,0.2776,0.967254408060453,0.952452274248881,0.977557055044141,NA
"kenward_roger","reduced_rank","lmm","release",2500,960,1540,0,0,1539,974,1526,0,0,1526,0.03125,0.0219760980332686,0.0442603750261152,0.012,0.865503080082136,0.842634287680217,0.885500108317569,0.3372,0.971252566735113,0.958765676688209,0.980036817028037,NA
"profile","reduced_rank","lmm","release",2500,1588,912,0,0,1667,1570,930,0,0,1698,0.0491183879093199,0.0395342997993776,0.0608786263340526,0.0312,0.914649681528662,0.899796779296981,0.92747841586506,0.5744,0.959872611464968,0.948989341641478,0.968510951610432,NA
"bootstrap","reduced_rank","lmm","release",500,500,0,0,0,342,500,0,0,0,351,0.05,0.0340937452438494,0.0727681611715476,0.05,0.894,0.863949069989267,0.91804294972703,0.894,0.93,0.904202810148083,0.949240257054982,NA
"bootstrap_lrt","reduced_rank","lmm","release",500,500,0,0,0,326,500,0,0,0,328,0.036,0.0228910609802927,0.0561843269680277,0.036,0.858,0.824670332675225,0.885870639554304,0.858,NA,NA,NA,NA
"asymptotic_wald_z","small_group","lmm","release",2500,2500,0,0,0,112,2500,0,0,0,96,0.0764,0.0666248311295466,0.0874749651899955,0.0764,0.7188,0.700851233156727,0.736077389518637,0.7188,0.9272,0.916347025889428,0.936742131363385,NA
"satterthwaite","small_group","lmm","release",2500,2402,98,0,0,98,2383,117,0,0,117,0.0620316402997502,0.0530669882390135,0.0723949193667571,0.0596,0.669744020142677,0.650601276544491,0.688340380853951,0.6384,0.944607637431809,0.934687506088866,0.953096637331773,NA
"kenward_roger","small_group","lmm","release",2500,2423,77,0,0,77,2415,85,0,0,85,0.0499380932728023,0.0419552527731951,0.0593457440130387,0.0484,0.65424430641822,0.635043842334571,0.672954847403129,0.632,0.961076604554865,0.952601875585531,0.968086825147163,NA
"profile","small_group","lmm","release",2500,2476,24,0,0,102,2479,21,0,0,121,0.0698707592891761,0.0604813914963201,0.0805927314385645,0.0692,0.699072206534893,0.680720358218807,0.716808044770245,0.6932,0.932230738200887,0.921652690559988,0.941471288776932,NA
"bootstrap","small_group","lmm","release",500,500,0,0,0,15,500,0,0,0,23,0.046,0.0308451083708162,0.0680777927682732,0.046,0.598,0.554434369595681,0.640071259673855,0.598,0.912,0.88392352793461,0.933794015525071,NA
"bootstrap_lrt","small_group","lmm","release",500,500,0,0,0,23,500,0,0,0,26,0.052,0.0357302651157053,0.0751011439378455,0.052,0.654,0.611272934925921,0.694378768211921,0.654,NA,NA,NA,NA
"glmm_wald_joint_laplace","glmm_binomial","glmm","release",1000,1000,0,0,0,179,1000,0,0,0,157,0.052,0.0398730362837774,0.06755573931928,0.052,0.274,0.247260824775437,0.302468870060034,0.274,0.946,0.930207845153947,0.958378686276937,NA
"wald_z_working_hessian","glmm_binomial","glmm","release",2500,2500,0,0,0,500,2500,0,0,0,465,0.0432,0.0359066803027093,0.0518949886273351,0.0432,0.2672,0.250221210566789,0.284893125087577,0.2672,0.9604,0.952022372460435,0.967364912181876,NA
"glmm_parametric_bootstrap","glmm_binomial","glmm","release",500,500,0,0,0,87,500,0,0,0,97,0.068,0.0490665074249069,0.0935209227338743,0.068,0.3,0.261481932140698,0.341567804043923,0.3,0.934,0.908760598839147,0.952621473640226,NA
